<users>
  <user>
    <user_id>1</user_id>
    <first_name>Steve</first_name>
    <last_name>Smith</last_name>
    <email>ssmith@aspalliance.com</email>
    <password>secret</password>
  </user>
  <user>
    <user_id>2</user_id>
    <first_name>John</first_name>
    <last_name>Doe</last_name>
    <email>jdoe@microsoft.com</email>
    <password>secret</password>
  </user>
  <user>
    <user_id>3</user_id>
    <first_name>Friedrich</first_name>
    <last_name>Nietzsche</last_name>
    <email>ubermensch@writers.de</email>
    <password>secret</password>
  </user>
  <user>
    <user_id>4</user_id>
    <first_name>Franz</first_name>
    <last_name>Kafka</last_name>
    <email>metamorphosis@writers.de</email>
    <password>secret</password>
  </user>
  <user>
    <user_id>5</user_id>
    <first_name>Steve</first_name>
    <last_name>Ballmer</last_name>
    <email>steveb@microsoft.com</email>
    <password>secret</password>
  </user>
  <user>
    <user_id>6</user_id>
    <first_name>Snoopy</first_name>
    <last_name>Brown</last_name>
    <email>snoopy@sopwithcamel.mil</email>
    <password>secret</password>
  </user>
  <user>
    <user_id>7</user_id>
    <first_name>Bob</first_name>
    <last_name>Jones</last_name>
    <email>bjones@hotmail.com</email>
    <password>secret</password>
  </user>
</users>